price,volume,time,buy/sell,market/limit,miscellaneous
2912.89000,0.00066296,1647771524.9025295,b,l,
2916.86000,1.00000000,1647771741.3838224,b,l,
2916.85000,0.01394357,1647771748.1141374,s,m,
2916.85000,0.15677643,1647771748.1163378,s,m,
2916.85000,0.20322357,1647771748.1174695,s,m,
2916.85000,0.57601737,1647771748.1201537,s,m,
2916.85000,0.02438241,1647771748.122405,s,m,
2916.85000,0.40334696,1647771748.1248448,s,m,
2916.85000,1.42230969,1647771748.1272483,s,m,
2916.85000,0.80147860,1647771755.983703,s,m,
2916.85000,0.28913462,1647771755.987132,s,m,
2916.82000,1.60000000,1647771755.988851,s,m,
2916.42000,1.20086538,1647771755.9903116,s,m,
2916.42000,1.10852140,1647771755.9923403,s,m,
2915.28000,0.00100000,1647771847.5853214,b,l,
2915.29000,0.00100000,1647771847.5872145,b,l,
2915.32000,0.32552483,1647771847.5886352,b,l,
2915.33000,0.39535446,1647771847.589884,b,l,
2914.97000,0.00686456,1647771919.453733,b,m,
2914.39000,0.01524199,1647771942.1205027,b,l,
2914.39000,0.00564972,1647771942.1224701,b,l,
2914.39000,0.05892146,1647771942.1242716,b,l,
2914.40000,0.30000000,1647771942.125517,b,l,
2914.41000,0.03636045,1647771942.1265135,b,l,
2914.42000,0.09789851,1647771942.1275272,b,l,
2914.42000,0.00295703,1647771942.1290665,b,l,
2914.42000,0.24197084,1647771942.130582,b,l,
2914.09000,0.09048790,1647771954.2359004,b,l,
2914.09000,0.28251210,1647771954.2378874,b,l,
2914.09000,0.00126000,1647771954.706126,b,l,
2914.09000,0.01475854,1647771964.8278983,b,m,
2913.92000,0.19601247,1647772120.3520908,s,m,
2917.09000,0.04972668,1647772247.5284884,b,l,
2917.10000,0.02120799,1647772247.5299969,b,l,
2919.08000,0.02000000,1647772358.1818948,s,m,
2917.73000,0.15218253,1647772417.6907678,s,l,
2920.01000,0.00136684,1647772501.4993532,b,l,
2920.56000,0.00823725,1647772523.0761795,b,l,
2920.45000,0.10000000,1647772524.3270235,b,m,
2920.45000,0.40000000,1647772524.3292172,b,m,
2920.45000,0.03000000,1647772524.3310637,b,m,
2920.45000,0.30650329,1647772524.3331115,b,m,
2920.46000,0.01349671,1647772524.334124,b,m,
2920.40000,0.02000000,1647772547.594635,b,l,
2920.43000,0.00100000,1647772547.596212,b,l,
2920.44000,0.01045733,1647772547.5983925,b,l,
2919.48000,0.00477000,1647772613.0508413,s,l,
2919.99000,0.46174566,1647772700.517365,b,m,
2919.99000,0.45324986,1647772700.5189853,b,m,
2919.99000,0.00477000,1647772700.5201175,b,m,
2920.10000,0.14585833,1647772700.5210636,b,m,
2920.12000,0.01181449,1647772700.5219774,b,m,
2920.20000,0.30000000,1647772700.5230014,b,m,
2920.20000,0.03424500,1647772700.523842,b,m,
2920.22000,0.58831666,1647772700.5247166,b,m,
2921.00000,0.30000000,1647772718.6458871,b,m,
2921.52000,0.07100000,1647772718.6469152,b,m,
2921.53000,1.62900000,1647772718.648492,b,m,
2921.07000,2.00000000,1647772734.8577158,b,m,
2921.19000,0.01711708,1647772760.1602318,b,m,
2921.56000,2.00000000,1647772796.0200558,s,m,
2921.56000,2.00000000,1647772796.0233514,s,m,
2921.56000,2.00000000,1647772796.0259922,s,m,
2921.57000,2.00000000,1647772796.0298207,b,m,
2921.57000,2.00000000,1647772796.0333054,b,m,
2921.57000,2.00000000,1647772796.0374603,b,m,
2921.99000,0.03421800,1647772833.9616332,s,l,
2921.99000,0.03287469,1647772833.9630332,s,l,
2921.99000,0.01280540,1647772834.0274458,s,l,
2921.99000,0.04277114,1647772834.0288525,s,l,
2922.00000,0.03025357,1647772861.530732,b,l,
2922.00000,0.06081345,1647772861.532468,b,l,
2923.24000,0.69970306,1647772871.394031,b,m,
2923.24000,1.30029694,1647772875.8997002,b,l,
2923.71000,2.78102733,1647772875.900884,b,l,
2923.74000,0.00438928,1647772875.9030073,b,l,
2924.00000,3.69742268,1647772875.904866,b,l,
2924.06000,4.00000000,1647772875.9059849,b,l,
2924.12000,1.76000000,1647772875.907335,b,l,
2924.24000,0.01455472,1647772875.9091506,b,l,
2924.27000,0.03419700,1647772875.9104817,b,l,
2924.32000,51.29690346,1647772875.9114087,b,l,
2924.35000,3.90707584,1647772875.912743,b,l,
2924.37000,3.88171160,1647772875.9139042,b,l,
2924.42000,20.52145441,1647772875.9149418,b,l,
2924.49000,3.41910191,1647772875.916729,b,l,
2924.51000,2.65757968,1647772875.9180453,b,l,
2924.51000,7.63242032,1647772875.920419,b,l,
2924.54000,0.28000538,1647772917.586857,s,l,
2924.54000,0.54000000,1647772979.9774494,s,l,
2924.54000,0.23000000,1647772980.0940435,s,l,
2924.54000,0.01568000,1647772980.1951034,s,l,
2924.54000,2.62000000,1647772981.731178,s,l,
2924.54000,1.84885761,1647772981.734591,s,l,
2924.54000,0.04032138,1647772981.736284,s,l,
2922.00000,0.30000000,1647772983.1772673,b,m,
2921.99000,0.02200000,1647773014.4998472,s,m,
2920.51000,0.03145987,1647773124.707736,b,l,
2920.50000,0.01155015,1647773238.4787304,s,l,
2920.51000,0.01531718,1647773267.8691494,b,l,
2921.14000,0.01472003,1647773404.9445288,b,m,
2921.97000,0.50308525,1647773416.9591522,b,m,
2921.93000,0.00873724,1647773456.8380551,b,l,
2922.00000,0.01677439,1647773518.960692,b,l,
2921.93000,0.14292126,1647773567.9925447,b,l,
2921.92000,0.15748790,1647773665.0052216,s,l,
2921.92000,0.03454821,1647773665.006993,s,l,
2921.92000,0.00364911,1647773665.0081067,s,l,
2921.92000,0.10551931,1647773665.0091527,s,l,
2921.92000,1.05279547,1647773665.1829026,s,l,
2921.92000,0.11748790,1647773665.1846004,s,l,
2921.92000,0.01617253,1647773665.1862085,s,l,
2921.92000,0.05000000,1647773665.1873991,s,l,
2921.92000,0.04582747,1647773665.1887507,s,l,
2921.92000,0.01553945,1647773665.1899471,s,l,
2921.92000,0.01305238,1647773665.1911912,s,l,
2921.92000,0.09912480,1647773665.1923745,s,l,
2921.92000,0.00279547,1647773665.2190921,s,l,
2921.03000,0.95383826,1647773665.3276446,s,l,
2921.00000,0.63942827,1647773666.3226075,s,l,
2921.00000,0.07843285,1647773667.3163817,s,l,
2921.00000,0.02849757,1647773667.4342084,s,l,
2921.00000,0.05364131,1647773671.3789303,s,l,
2921.00000,0.16434683,1647773671.3804238,s,l,
2917.29000,0.07843285,1647773690.364786,s,l,
2917.29000,0.20000000,1647773690.374041,s,m,
2918.51000,0.02527514,1647773723.266931,s,l,
2918.98000,0.14710298,1647773736.6066337,s,l,
2918.98000,0.11941835,1647773736.607912,s,l,
2918.98000,0.17072000,1647773736.9097867,s,l,
2918.98000,1.30639900,1647773736.9111447,s,l,
2919.35000,0.09881355,1647773760.877068,s,l,
2919.35000,0.95412899,1647773761.1870587,s,l,
2919.35000,0.10293685,1647773761.481058,s,l,
2919.35000,0.73986746,1647773762.3568065,s,l,
2919.35000,0.07936521,1647773762.8834827,s,l,
2919.35000,0.11800454,1647773764.9632535,s,l,
2919.35000,0.02866555,1647773765.259661,s,l,
2919.35000,0.85785663,1647773766.320615,s,l,
2919.35000,0.33551404,1647773767.0834458,s,l,
2919.35000,1.02928558,1647773767.383952,s,l,
2919.35000,0.03456619,1647773767.68506,s,l,
2919.24000,0.49640539,1647773768.3319395,s,l,
2919.24000,0.04013863,1647773770.4068365,s,l,
2919.24000,0.06275829,1647773770.715497,s,l,
2918.13000,0.02638825,1647773772.3447096,s,l,
2918.13000,0.22297660,1647773772.827112,s,l,
2917.42000,1.20619000,1647773782.2095175,s,l,
2917.44000,0.01635220,1647773787.0379581,b,m,
2917.35000,2.00000000,1647773810.196571,b,l,
2917.19000,0.03360272,1647773968.6615121,b,l,
2916.44000,0.01221552,1647774028.0290837,b,l,
2915.87000,0.01584432,1647774112.0899472,s,l,
2914.68000,0.07329662,1647774112.0914013,s,l,
2914.81000,0.06644206,1647774145.5445187,s,l,
2914.81000,8.79500000,1647774145.5456793,s,l,
2914.81000,51.45918303,1647774145.5467625,s,l,
2914.65000,0.03430400,1647774145.5486784,s,l,
2914.62000,4.70000000,1647774145.5495756,s,l,
2914.41000,2.61301451,1647774145.550787,s,l,
2914.40000,3.72353737,1647774145.551681,s,l,
2914.30000,20.58038435,1647774145.5526936,s,l,
2914.08000,3.42977049,1647774145.554437,s,l,
2914.08000,16.93413422,1647774145.5557573,s,l,
2914.70000,0.04000000,1647774153.9611583,s,m,
2914.70000,0.03430400,1647774155.0573442,s,m,
2914.38000,0.05972328,1647774155.0583212,s,m,
2918.64000,0.10000000,1647774233.3800476,b,l,
2919.21000,0.50000000,1647774266.3310125,s,m,
2919.32000,0.06251699,1647774266.6820526,s,l,
2919.45000,0.85786002,1647774268.7385406,s,l,
2919.45000,0.14746944,1647774269.038152,s,l,
2919.45000,0.85786912,1647774270.3209023,s,l,
2919.45000,0.12694012,1647774270.8652942,s,l,
2919.46000,0.17141060,1647774271.1667306,s,l,
2919.54000,0.85787151,1647774271.4663858,s,l,
2919.54000,0.73952465,1647774272.3289175,s,l,
2919.54000,0.03132129,1647774272.9131632,s,l,
2919.54000,0.85785751,1647774274.9819875,s,l,
2919.54000,0.14332885,1647774275.6130595,s,l,
2919.54000,0.85786871,1647774276.3369465,s,l,
2919.54000,0.11855007,1647774277.2848637,s,l,
2919.54000,0.89772165,1647774277.5882976,s,l,
2919.54000,0.10293141,1647774277.9899886,s,l,
2919.54000,0.10285088,1647774278.290843,s,l,
2919.54000,0.67369946,1647774278.5919788,s,l,
2919.54000,0.19204440,1647774281.6561143,s,l,
2919.54000,0.03760680,1647774281.95665,s,l,
2919.54000,0.14081285,1647774282.2564957,s,l,
2919.20000,0.10184912,1647774282.5563493,s,l,
2919.20000,0.17072000,1647774283.320609,s,l,
2919.20000,0.68714456,1647774283.3221118,s,l,
2919.15000,0.85794016,1647774284.323665,s,l,
2919.21000,0.85794016,1647774285.3231897,s,l,
2919.25000,0.85794016,1647774286.3212788,s,l,
2919.26000,0.85794016,1647774287.3225143,s,l,
2918.99000,0.05000000,1647774293.8834546,s,m,
2918.35000,0.33402838,1647774319.336913,s,l,
2918.36000,0.00312937,1647774322.5183933,b,l,
2918.45000,0.00530706,1647774342.5281544,b,m,
2918.54000,0.00089537,1647774373.495521,b,l,
2919.64000,0.37539830,1647774419.242739,s,l,
2919.70000,0.70962467,1647774421.3280873,s,l,
2919.74000,0.17256706,1647774421.6184788,s,l,
2919.74000,0.05738823,1647774422.4121761,s,l,
2918.99000,0.05071046,1647774422.7113407,s,l,
2919.36000,0.00100000,1647774425.6020262,b,l,
2919.37000,0.00088930,1647774425.6038656,b,l,
2919.66000,0.08563491,1647774429.1169937,b,m,
2918.19000,0.00980069,1647774590.666517,b,l,
2917.71000,0.02530107,1647774613.271838,b,l,
2917.70000,0.00286252,1647774703.1266499,s,l,
2916.94000,0.04130641,1647774722.650749,b,l,
2916.94000,0.09697362,1647774724.2297928,b,m,
2916.48000,0.00641572,1647774754.2094986,b,l,
2916.16000,0.06468160,1647774815.1792653,s,l,
2916.30000,0.00787815,1647774839.641717,b,l,
2915.73000,0.02623000,1647774910.4350328,s,l,
2914.61000,0.09029778,1647774951.9640176,b,l,
2914.88000,0.00318710,1647774960.7036908,b,m,
2914.23000,0.06250117,1647774974.588777,b,l,
2914.05000,0.07804719,1647774974.8875062,b,l,
2913.90000,0.15564740,1647774976.59908,b,l,
2913.90000,0.07659628,1647774976.9003434,b,l,
2914.03000,0.86230932,1647774977.2828915,b,l,
2913.90000,0.80168444,1647774978.341993,b,l,
2913.34000,0.09423379,1647774999.732008,b,l,
2913.24000,0.14701162,1647775025.346641,b,m,
2912.82000,0.08409817,1647775066.0016499,s,m,
2915.79000,0.00100000,1647775123.1844075,s,m,
2915.79000,3.10900000,1647775123.1859076,s,m,
2916.35000,0.05295743,1647775146.5094538,b,m,
2916.39000,2.00000000,1647775262.860026,s,l,
2917.37000,0.28000000,1647775307.1920114,s,m,
2919.32000,0.09007611,1647775358.8520455,s,l,
2919.14000,0.02713889,1647775359.6662226,s,l,
2919.62000,0.03501516,1647775366.4002905,s,l,
2919.66000,0.17072000,1647775368.609505,s,l,
2919.51000,0.18109826,1647775368.6108127,s,l,
2919.53000,0.17141534,1647775368.9083636,s,l,
2919.53000,0.02889742,1647775369.3275132,s,l,
2919.53000,0.07023432,1647775370.7562692,s,l,
2919.53000,0.06690243,1647775371.055695,s,l,
2919.82000,0.19061124,1647775374.294758,s,l,
2919.82000,0.89280688,1647775374.83577,s,l,
2919.82000,0.85786409,1647775376.9472988,s,l,
2919.70000,0.93657024,1647775379.1523228,s,l,
2919.82000,0.51422078,1647775379.449258,s,l,
2919.83000,0.44486314,1647775380.3322625,s,l,
2919.83000,0.11435693,1647775381.1496654,s,l,
2919.72000,0.58857583,1647775381.4511635,s,l,
2919.72000,0.51418599,1647775382.3343918,s,l,
2919.72000,0.51417855,1647775383.3282714,s,l,
2919.57000,0.51417855,1647775384.3300683,s,l,
2918.87000,0.02616241,1647775386.382784,s,l,
2918.91000,0.00362546,1647775440.7783835,s,l,
2919.59000,0.14087991,1647775512.9938278,b,l,
2919.60000,0.03425400,1647775512.9951885,b,l,
2919.62000,6.22500000,1647775512.996464,b,l,
2919.63000,2.89919300,1647775512.9975548,b,l,
2919.73000,46.71687488,1647775512.998948,b,l,
2919.52000,0.00541926,1647775574.5808406,b,l,
2917.99000,0.00100000,1647775625.6487846,b,l,
2917.53000,0.51169310,1647775799.0601404,s,l,
2915.01000,0.00675965,1647775805.7150092,b,l,
2915.01000,0.00144932,1647775913.871367,b,l,
2915.00000,1.20000000,1647775940.9644332,s,m,
2914.07000,2.86261535,1647775940.9656959,s,m,
2914.06000,3.80880444,1647775940.9669573,s,m,
2913.66000,0.03432100,1647775940.968351,s,m,
2913.61000,2.09425921,1647775940.9693615,s,m,
2910.32000,0.00100000,1647776060.8516014,s,m,
2910.32000,0.04900000,1647776060.8532856,s,m,
2910.98000,0.00100000,1647776077.5289648,s,m,
2910.98000,0.14129660,1647776077.5306144,s,m,
2910.98000,0.00770340,1647776077.5318167,s,m,
2913.12000,1.16220640,1647776196.6679034,s,l,
2913.11000,0.83779360,1647776196.6693318,s,l,
2913.85000,0.09399658,1647776224.742674,b,l,
2913.29000,0.00168469,1647776248.109601,s,l,
2912.40000,0.12366000,1647776257.7237253,s,l,
2912.33000,0.00961237,1647776270.987034,b,m,
2911.99000,0.03247995,1647776371.725163,b,l,
2911.98000,0.23374600,1647776389.591802,s,m,
2910.91000,0.95871451,1647776396.0758579,b,l,
2910.53000,0.00784450,1647776441.9566395,s,l,
2910.53000,0.00766712,1647776443.337206,s,l,
2910.37000,0.05874190,1647776454.0483544,b,l,
2910.37000,0.66400000,1647776454.0506577,b,l,
2910.37000,0.06625810,1647776454.0523164,b,l,
2907.52000,0.13168423,1647776469.1042643,b,l,
2907.61000,0.03439300,1647776469.105947,b,l,
2907.71000,0.09466467,1647776469.1069295,b,l,
2907.71000,0.12725810,1647776469.1090994,b,l,
2907.43000,2.00500000,1647776478.982473,b,l,
2907.59000,0.03388075,1647776481.8929412,b,l,
2907.41000,0.00511004,1647776484.2103016,b,l,
2907.20000,0.00640217,1647776485.3638628,b,l,
2906.96000,0.02317448,1647776485.9794114,b,l,
2906.57000,0.05000000,1647776486.150041,s,m,
2906.58000,0.01497082,1647776486.2868245,b,l,
2906.58000,2.00000000,1647776487.9894254,b,l,
2907.97000,1.00000000,1647776495.9928145,b,l,
2906.28000,0.00494264,1647776500.589438,b,l,
2906.11000,0.00179611,1647776501.8977177,b,l,
2905.80000,0.01058813,1647776503.793152,b,l,
2905.80000,0.33352315,1647776503.8145862,b,l,
2905.80000,1.00000000,1647776504.0219069,b,l,
2906.17000,0.00791370,1647776506.0018919,b,m,
2906.17000,0.99208630,1647776506.0045238,b,m,
2907.15000,0.05000000,1647776528.798981,s,m,
2907.73000,0.03421115,1647776547.740524,b,l,
2907.42000,0.07912847,1647776549.5699217,b,l,
2907.06000,0.35961934,1647776551.44106,s,l,
2907.05000,0.56200858,1647776551.4421391,s,l,
2907.04000,1.40585498,1647776551.443031,s,l,
2907.03000,0.81521150,1647776551.444133,s,l,
2906.82000,0.03440200,1647776551.44501,s,l,
2906.66000,20.63708822,1647776551.4460814,s,l,
2906.48000,0.09135149,1647776712.9824724,s,m,
2906.48000,0.00200000,1647776712.983989,s,m,
2906.47000,0.00200000,1647776712.9856005,s,m,
2906.19000,0.02106106,1647776712.9868925,s,m,
2906.49000,0.00106636,1647776715.5671737,b,l,
2906.74000,0.01557459,1647776715.6492512,b,l,
2906.69000,0.05847466,1647776724.2346427,b,m,
2907.87000,0.00057000,1647776731.2380915,s,l,
2908.65000,0.00955792,1647776750.9798462,b,m,
2908.74000,0.05707657,1647776801.5196874,s,m,
2908.91000,0.02200000,1647776805.216967,b,m,
2908.88000,0.00200000,1647776812.8844402,s,m,
2908.87000,0.00100000,1647776812.886358,s,m,
2908.87000,0.00100000,1647776812.88745,s,m,
2908.87000,0.17072000,1647776812.8887522,s,m,
2908.85000,1.00000000,1647776812.8898053,s,m,
2908.84000,1.82528000,1647776812.890803,s,m,
2907.21000,0.02837412,1647776941.9308157,s,m,
2906.49000,10.00000000,1647776955.399385,b,l,
2905.00000,0.20000000,1647776980.1369495,s,m,
2905.00000,0.04096385,1647776980.142493,s,l,
2905.00000,0.00100000,1647776980.1438327,s,l,
2904.99000,0.00100000,1647776980.1454287,s,l,
2904.98000,0.95703615,1647776980.1464846,s,l,
2904.48000,4.05000000,1647776987.3257575,b,l,
2904.54000,5.95000000,1647776987.3270445,b,l,
2903.93000,0.00494640,1647777029.3308127,s,l,
2903.93000,0.00100000,1647777029.3322527,s,l,
2903.92000,0.00438928,1647777029.334916,s,l,
2903.92000,0.00100000,1647777029.3366385,s,l,
2903.25000,0.03445200,1647777051.2291768,b,l,
2903.25000,0.14135149,1647777051.23016,b,l,
2903.25000,0.02419651,1647777051.2310755,b,l,
2903.24000,0.02712731,1647777068.4180062,s,l,
2903.24000,0.01046444,1647777069.9456568,s,l,
2903.24000,1.42000000,1647777073.247893,s,m,
2903.24000,0.54240825,1647777096.4403648,s,m,
2903.24000,0.00100000,1647777096.441359,s,m,
2903.24000,0.00100000,1647777096.4428968,s,m,
2903.24000,0.17072000,1647777096.4439785,s,m,
2903.23000,0.00100000,1647777096.44512,s,m,
2903.23000,0.00100000,1647777096.4461946,s,m,
2901.97000,3.78937200,1647777096.4472618,s,m,
2901.96000,1.01025038,1647777096.4483478,s,m,
2901.64000,0.01363714,1647777101.0045571,s,m,
2902.13000,0.03899291,1647777138.3547857,b,m,
2902.03000,0.00241000,1647777149.8970401,s,l,
2902.80000,0.00300000,1647777187.7066536,s,l,
2902.79000,0.00400000,1647777187.7084172,s,l,
2902.79000,0.04540683,1647777187.709695,s,l,
2903.08000,0.00241000,1647777212.9623885,b,m,
2903.09000,0.00241000,1647777212.9635098,b,m,
2903.10000,0.01128957,1647777212.9646626,b,m,
2904.25000,3.05880976,1647777258.8749027,s,l,
2904.12000,0.34433839,1647777280.0419576,b,m,
2904.11000,0.00100000,1647777305.7491422,s,l,
2904.11000,0.00100000,1647777305.751053,s,l,
2904.10000,0.05000000,1647777305.7527838,s,l,
2904.10000,0.00200000,1647777305.753815,s,l,
2902.41000,0.22541437,1647777305.7549508,s,l,
2902.43000,0.10344020,1647777306.0509987,s,l,
2902.47000,0.00200000,1647777306.9104571,s,l,
2902.46000,0.10142207,1647777306.9118536,s,l,
2902.25000,0.00200000,1647777308.6904979,s,m,
2902.24000,0.10117000,1647777308.6920586,s,m,
2901.01000,0.00100000,1647777327.1469731,s,l,
2901.00000,5.00000000,1647777327.1498594,s,l,
2901.00000,0.00200000,1647777327.1511726,s,l,
2900.47000,0.25000000,1647777344.2906768,b,m,
2900.46000,0.01455472,1647777349.943494,s,l,
2900.46000,0.00100000,1647777349.945137,s,l,
2900.46000,0.00100000,1647777349.94724,s,l,
2900.46000,0.00100000,1647777349.9486668,s,l,
2900.46000,0.00936372,1647777349.9500885,s,l,
2900.46000,0.02343771,1647777349.951656,s,l,
2900.46000,0.01601763,1647777349.9531107,s,l,
2900.46000,0.13362622,1647777349.9545455,s,l,
2900.46000,0.10229662,1647777361.6537004,s,l,
2900.46000,0.12046979,1647777361.6551418,s,l,
2900.47000,0.01182754,1647777377.0452447,b,l,
2900.46000,0.00013295,1647777389.5052176,s,l,
2900.46000,0.03661122,1647777389.5071278,s,l,
2900.46000,0.48104414,1647777400.4279478,s,l,
2900.46000,0.00200000,1647777400.4293284,s,l,
2900.46000,0.00574190,1647777400.4309514,s,l,
2900.46000,0.37589743,1647777400.4320233,s,l,
2900.46000,0.07336067,1647777400.433018,s,l,
2900.45000,0.00195586,1647777400.4343553,s,l,
2900.45000,0.00080233,1647777400.4711525,s,l,
2900.45000,0.00100000,1647777400.472344,s,l,
2900.45000,0.00100000,1647777400.4739664,s,l,
2900.45000,0.00100000,1647777400.4752378,s,l,
2900.36000,0.20000000,1647777401.5722408,s,l,
2900.36000,0.00200000,1647777401.612816,s,l,
2900.01000,0.00200000,1647777402.6751676,s,l,
2900.00000,12.47702710,1647777402.6773036,s,l,
2900.00000,0.30000000,1647777402.6823463,s,m,
2900.00000,5.02363987,1647777402.6857216,s,m,
2900.00000,0.00240793,1647777402.6871161,s,m,
2900.00000,0.21235248,1647777402.6899104,s,m,
2900.00000,0.00200000,1647777402.6906853,s,m,
2899.99000,0.01721890,1647777402.691913,s,m,
2899.74000,0.05046520,1647777402.6933668,s,m,
2899.66000,0.02880031,1647777402.6944141,s,m,
2899.00000,1.66004001,1647777402.696054,s,m,
2898.98000,0.00270000,1647777402.6983008,s,m,
2898.80000,2.95251384,1647777402.6998332,s,m,
2898.79000,0.01692154,1647777402.7010956,s,m,
2898.76000,0.50000000,1647777402.703233,s,m,
2898.71000,0.01264157,1647777402.7052782,s,m,
2898.63000,0.00345999,1647777402.7072923,s,m,
2898.40000,0.01035087,1647777402.7091353,s,m,
2898.40000,3.46943977,1647777402.7102492,s,m,
2897.78000,3.91716083,1647777402.711303,s,m,
2897.77000,3.76672657,1647777402.712476,s,m,
2897.60000,3.41151633,1647777402.7134693,s,m,
2897.57000,0.17238615,1647777402.7146275,s,m,
2897.24000,51.77126153,1647777402.7154498,s,m,
2897.18000,2.42604166,1647777402.717161,s,m,
2897.16000,0.00168418,1647777402.718946,s,m,
2897.13000,0.02090792,1647777402.7209332,s,m,
2897.12000,0.00247488,1647777402.7228074,s,m,
2897.00000,0.01119422,1647777402.7239377,s,m,
2896.89000,0.57251820,1647777402.7252982,s,m,
2896.87000,0.10483086,1647777402.7266414,s,m,
2896.80000,1.10045433,1647777402.7277513,s,m,
2896.67000,0.52208945,1647777402.72896,s,m,
2896.58000,20.70613321,1647777402.7299604,s,m,
2896.54000,0.19289303,1647777402.7314894,s,m,
2896.54000,0.46875616,1647777402.7326741,s,m,
2896.50000,0.72068316,1647777402.7335117,s,m,
2896.30000,0.00209655,1647777402.7346268,s,m,
2896.10000,1.76000000,1647777402.7356248,s,m,
2895.95000,0.01040815,1647777402.7378747,s,m,
2895.95000,0.66216069,1647777402.739096,s,m,
2895.90000,2.74215023,1647777402.7400417,s,m,
2895.88000,0.35971295,1647777402.7409246,s,m,
2895.88000,1.43592764,1647777402.7425373,s,m,
2895.77000,0.72069962,1647777402.7434356,s,m,
2895.71000,1.00375792,1647777402.7444491,s,m,
2895.69000,0.51674472,1647777402.7455733,s,m,
2895.58000,51.16310658,1647777402.7465446,s,m,
2897.11000,0.88350946,1647777403.0100312,s,l,
2896.70000,0.30000000,1647777423.6489975,s,l,
2896.14000,0.03452600,1647777423.7039135,s,l,
2895.12000,0.52559914,1647777423.704812,s,l,
2895.11000,0.06485619,1647777423.706046,s,l,
2895.00000,0.00791370,1647777423.707908,s,l,
2895.00000,0.99208630,1647777423.7091136,s,l,
2895.00000,0.20000000,1647777423.709985,s,l,
2894.73000,0.02127659,1647777423.7113895,s,l,
2894.73000,0.32322576,1647777423.7127051,s,l,
2894.59000,0.01356391,1647777423.8214264,s,m,
2894.59000,0.02097459,1647777423.824672,s,m,
2894.55000,0.00886895,1647777423.8264723,s,m,
2894.53000,0.12547305,1647777423.8277946,s,m,
2894.53000,0.04720565,1647777423.8307886,s,m,
2894.53000,0.19832381,1647777423.833861,s,m,
2894.53000,0.35009270,1647777423.8379157,s,m,
2894.29000,2.77314112,1647777423.8393385,s,m,
2894.28000,2.00000000,1647777423.8409178,s,m,
2894.03000,0.00175836,1647777423.842902,s,m,
2893.96000,0.01691372,1647777423.8449574,s,m,
2893.77000,0.72110611,1647777423.8468108,s,m,
2893.74000,0.01499849,1647777423.849165,s,m,
2893.71000,0.01035998,1647777423.8509634,s,m,
2893.51000,0.34452859,1647777423.8525603,s,m,
2893.51000,2.32720814,1647777423.8547153,s,m,
2893.50000,19.45041075,1647777423.8564863,s,m,
2893.42000,0.00440521,1647777423.8587346,s,m,
2893.39000,0.14431701,1647777423.8609529,s,m,
2893.28000,1.63094948,1647777423.862431,s,m,
2893.17000,0.01036925,1647777423.8642569,s,m,
2893.17000,1.10377768,1647777423.8659554,s,m,
2893.01000,3.52777175,1647777423.8673358,s,m,
2893.00000,0.19188386,1647777423.869138,s,m,
2892.99000,0.08598486,1647777423.8706958,s,m,
2892.80000,0.69571765,1647777423.87215,s,m,
2892.48000,2.30000000,1647777423.8734455,s,m,
2892.47000,62.29430529,1647777423.874792,s,m,
2892.47000,5.00000000,1647777423.8775277,s,m,
2892.47000,1.69672561,1647777423.8801007,s,m,
2892.42000,0.03037390,1647777423.882446,s,m,
2892.30000,0.01037044,1647777423.8842592,s,m,
2892.29000,0.24302400,1647777423.8860004,s,m,
2892.22000,1.00000000,1647777423.8880863,s,m,
2892.20000,2.01950605,1647777423.8895385,s,m,
2892.20000,0.96194460,1647777423.891801,s,m,
2892.20000,1.00000000,1647777423.894098,s,m,
2892.20000,0.01854935,1647777423.896532,s,m,
2892.12000,0.03867974,1647777423.8983173,s,m,
2892.10000,0.31739033,1647777423.9001527,s,m,
2892.10000,0.01887568,1647777423.9020581,s,m,
2892.10000,0.01335064,1647777423.9038475,s,m,
2892.10000,0.37465968,1647777423.9056313,s,m,
2892.10000,2.25654998,1647777423.9074347,s,m,
2892.10000,1.00000000,1647777423.909146,s,m,
2892.35000,0.01619029,1647777424.0475936,s,m,
2892.35000,1.74380971,1647777424.6847062,s,l,
2892.00000,0.03590256,1647777424.7143056,s,l,
2891.83000,0.01414975,1647777424.7160509,s,l,
2891.62000,0.00581639,1647777424.7176173,s,l,
2891.55000,3.67970224,1647777424.71868,s,l,
2891.55000,4.07980471,1647777425.1531909,s,m,
2891.39000,2.48792397,1647777425.1548712,s,m,
2891.38000,0.06565812,1647777425.155997,s,m,
2891.24000,3.00000000,1647777425.1579394,s,m,
2891.13000,1.09519883,1647777425.1594663,s,m,
2891.00000,2.00000000,1647777425.162233,s,m,
2890.90000,0.00868935,1647777425.1637924,s,m,
2890.83000,0.20126244,1647777425.1658506,s,m,
2890.78000,0.01431282,1647777425.1673782,s,m,
2890.75000,0.02341261,1647777425.1694226,s,m,
2890.38000,0.00200000,1647777425.1709647,s,m,
2890.08000,0.34601118,1647777425.1724179,s,m,
2890.08000,0.07200000,1647777425.1737556,s,m,
2890.07000,0.09246809,1647777425.175244,s,m,
2890.02000,0.36800000,1647777425.1767528,s,m,
2890.01000,6.14325788,1647777425.1778283,s,m,
2890.01000,0.00926121,1647777425.2952814,s,m,
2890.01000,0.46875616,1647777425.8752933,s,l,
2890.01000,0.66216069,1647777425.87715,s,l,
2890.76000,0.13321559,1647777426.2947729,s,l,
2890.76000,0.09000000,1647777426.365995,s,l,
2890.76000,0.12164076,1647777426.370082,s,l,
2890.36000,0.51839615,1647777426.371519,s,l,
2890.00000,0.03000000,1647777426.4963925,s,l,
2890.00000,0.00850699,1647777426.498306,s,l,
2890.00000,0.00850699,1647777426.499876,s,l,
2890.00000,0.24216950,1647777426.5009897,s,l,
2890.00000,0.11906381,1647777426.5022144,s,l,
2890.00000,0.95000000,1647777426.5037644,s,l,
2890.00000,0.01810622,1647777426.5050776,s,l,
2890.00000,0.45416281,1647777426.5062451,s,l,
2890.00000,1.23433097,1647777426.6265352,s,l,
2890.00000,0.36535672,1647777426.628283,s,l,
2890.00000,0.11719377,1647777426.6299903,s,l,
2890.00000,0.05000000,1647777426.6323497,s,l,
2890.00000,0.09000000,1647777426.635086,s,l,
2890.00000,0.01000000,1647777426.6365511,s,l,
2890.00000,2.09056922,1647777426.6386504,s,l,
2890.00000,0.74254932,1647777426.639929,s,l,
2890.00000,1.26750092,1647777426.6494203,s,m,
2890.00000,0.20000000,1647777426.65077,s,m,
2889.90000,1.94976776,1647777426.6516852,s,m,
2889.90000,4.08811249,1647777426.6551313,s,m,
2889.90000,0.86628700,1647777426.6580646,s,m,
2889.90000,0.41892911,1647777426.6597354,s,m,
2889.90000,2.00000000,1647777426.6612914,s,m,
2889.90000,0.30000000,1647777426.662903,s,m,
2889.90000,0.02299464,1647777426.6646633,s,m,
2889.85000,0.02585211,1647777426.6659513,s,m,
2889.69000,0.01323536,1647777426.667322,s,m,
2889.37000,0.00347108,1647777426.6684442,s,m,
2889.28000,0.03459890,1647777426.6702187,s,m,
2889.03000,0.02890628,1647777426.671661,s,m,
2888.97000,0.01359274,1647777426.6727266,s,m,
2888.90000,0.26055517,1647777426.6739042,s,m,
2888.90000,0.00179339,1647777426.6761587,s,m,
2888.90000,0.12109748,1647777426.6782963,s,m,
2888.90000,0.27088993,1647777426.6801157,s,m,
2888.90000,0.00752130,1647777426.6819687,s,m,
2888.90000,0.41027551,1647777426.6838663,s,m,
2888.90000,1.36900000,1647777426.687126,s,m,
2888.90000,4.90000000,1647777426.6909277,s,l,
2888.90000,0.20000000,1647777426.8259013,s,m,
2888.90000,0.25000000,1647777426.8298652,s,m,
2888.90000,0.25000000,1647777426.8321154,s,m,
2888.90000,2.15735291,1647777427.0418959,s,l,
2888.90000,10.56667785,1647777427.3092504,s,l,
2888.51000,0.03496967,1647777427.3107893,s,l,
2888.45000,0.02159515,1647777427.3121073,s,l,
2888.45000,0.04900000,1647777427.313507,s,l,
2888.41000,0.01041722,1647777427.3159606,s,l,
2888.40000,0.00168392,1647777427.3181121,s,l,
2888.00000,0.00791370,1647777428.0814302,s,m,
2888.00000,0.05056096,1647777428.0827265,s,m,
2888.00000,0.94943904,1647777428.2050366,s,m,
2888.00000,0.99208630,1647777428.2065651,s,m,
2888.00000,0.01000000,1647777428.2077844,s,m,
2887.59000,31.85527914,1647777428.20932,s,m,
2887.49000,29.61534310,1647777428.2106838,s,m,
2887.49000,4.06179080,1647777428.3764243,s,l,
2887.49000,0.00867014,1647777428.3778596,s,l,
2887.31000,0.12915109,1647777428.3796012,s,l,
2887.23000,0.03511310,1647777428.381089,s,l,
2887.10000,0.01907920,1647777428.382612,s,l,
2886.77000,0.00907053,1647777428.3836596,s,l,
2886.11000,0.01462709,1647777428.3853729,s,l,
2886.00000,0.00866250,1647777428.3872173,s,l,
2885.79000,0.01482404,1647777429.1593683,s,l,
2885.66000,0.01730441,1647777429.1609018,s,l,
2885.33000,1.45170582,1647777429.3880084,s,l,
2885.32000,2.00000000,1647777429.3889344,s,l,
2885.00000,0.20000000,1647777430.0977714,s,l,
2884.85000,0.03466385,1647777430.0994115,s,l,
2885.06000,2.16948368,1647777430.346071,s,l,
2885.06000,1.83051632,1647777430.3472621,s,l,
2884.59000,1.34756665,1647777430.3483868,s,l,
2884.42000,0.01700585,1647777430.3496761,s,l,
2884.19000,0.01996955,1647777430.3515,s,l,
2884.00000,0.01040255,1647777430.3528218,s,l,
2883.95000,0.02011512,1647777430.354828,s,l,
2883.67000,3.46565618,1647777430.356414,s,l,
2883.17000,0.01270971,1647777430.3578267,s,l,
2882.96000,0.00442119,1647777430.3591297,s,l,
2882.80000,0.02101185,1647777430.3603811,s,l,
2882.47000,0.10535457,1647777430.361501,s,l,
2882.45000,0.97574987,1647777430.3625214,s,l,
2885.06000,0.25000000,1647777430.4532998,s,l,
2885.94000,0.02078200,1647777430.8045788,b,l,
2885.90000,4.70000000,1647777431.1226444,s,l,
2885.80000,0.00200000,1647777431.1238136,s,l,
2885.79000,0.30000000,1647777431.1253448,s,l,
2885.79000,0.69952132,1647777431.1262956,s,l,
2885.44000,4.29847868,1647777431.1274645,s,l,
2885.44000,0.40152132,1647777431.155885,s,l,
2885.00000,1.99300000,1647777431.1572669,s,l,
2884.65000,3.46466273,1647777431.1583068,s,l,
2884.61000,1.03023815,1647777431.1595411,s,l,
2885.94000,0.02766831,1647777431.3427258,s,l,
2884.61000,2.96976185,1647777431.344474,s,l,
2883.87000,5.24083489,1647777431.3453708,s,l,
2883.97000,0.20123136,1647777431.4622607,s,l,
2885.85000,0.37602372,1647777431.6539896,s,l,
2885.85000,3.67397628,1647777431.7975562,s,l,
2885.80000,0.11906340,1647777431.798906,s,l,
2885.34000,1.76995888,1647777431.7998693,s,l,
2885.34000,1.00000000,1647777431.800818,s,l,
2885.00000,0.00200000,1647777431.8018248,s,l,
2883.97000,1.83775312,1647777431.8033357,s,l,
2883.87000,1.36258447,1647777431.8042998,s,l,
2885.44000,0.01209085,1647777431.9956167,b,l,
2885.33000,1.41207268,1647777432.7610607,s,l,
2885.33000,0.00100000,1647777432.762169,s,l,
2885.06000,0.33590660,1647777432.7636287,s,l,
2885.01000,0.81468989,1647777432.764589,s,l,
2885.34000,0.00100000,1647777433.245853,s,m,
2885.07000,0.09433028,1647777433.247598,s,m,
2885.01000,0.23113191,1647777433.248815,s,m,
2884.08000,1.18067006,1647777433.249953,s,m,
2884.07000,0.01039100,1647777433.2511952,s,m,
2883.88000,1.41554160,1647777433.252232,s,m,
2883.54000,3.72791958,1647777433.2533305,s,m,
2885.91000,0.17933476,1647777433.4103103,b,l,
2885.43000,0.30000000,1647777434.0472574,b,l,
2885.43000,1.32497440,1647777434.405142,b,l,
2885.43000,3.46620341,1647777434.4063394,b,l,
2885.86000,0.63145911,1647777434.4077482,b,l,
2885.90000,6.22500000,1647777434.7562323,b,l,
2886.39000,0.09000000,1647777434.844531,b,l,
2886.39000,0.04870004,1647777434.9545586,b,l,
2886.60000,0.03464300,1647777434.9555464,b,l,
2887.69000,0.00207480,1647777434.956737,b,l,
2888.00000,1.35158216,1647777434.957744,b,l,
2888.00000,1.44144808,1647777435.0201178,b,l,
2888.01000,3.27086176,1647777435.1668286,b,l,
2889.99000,1.12861328,1647777435.3330219,b,l,
2890.00000,1.47079000,1647777435.334829,b,l,
2890.50000,3.50000000,1647777435.336447,b,l,
2890.93000,0.51764092,1647777435.3375366,b,l,
2891.20000,0.02209404,1647777435.3385327,b,l,
2889.49000,0.04100000,1647777435.9369142,b,l,
2889.48000,0.30000000,1647777436.3082025,b,l,
2889.20000,0.03509256,1647777437.4331248,b,l,
2889.20000,1.21271316,1647777437.4502888,b,l,
2890.40000,0.22464018,1647777437.4515367,b,l,
2887.62000,0.01039100,1647777439.0325224,s,l,
2888.58000,0.14449234,1647777439.1729836,s,l,
2886.69000,2.75000000,1647777439.1740935,s,l,
2886.53000,4.05000000,1647777439.1754847,s,l,
2886.39000,0.50000000,1647777439.176768,s,l,
2886.39000,1.99000000,1647777439.17797,s,l,
2886.00000,0.55511666,1647777439.1791058,s,l,
2887.99000,0.05000000,1647777466.7548537,b,m,
2887.99000,0.00564972,1647777468.5364215,b,m,
2889.60000,0.08576870,1647777473.8350618,b,m,
2889.35000,0.03461200,1647777484.310661,b,m,
2889.36000,0.08188411,1647777484.3117206,b,m,
2887.54000,0.08657887,1647777491.2670352,s,l,
2886.53000,0.03899291,1647777500.5568113,s,m,
2886.55000,1.00000000,1647777501.8616345,b,m,
2886.56000,3.15532578,1647777501.8630757,b,m,
2887.20000,0.03076482,1647777510.6535635,b,m,
2887.11000,0.03463300,1647777525.450042,s,m,
2887.11000,0.11100000,1647777525.4511316,s,m,
2887.10000,0.08500000,1647777525.4527116,s,m,
2886.53000,0.75936700,1647777525.4538379,s,m,
2888.00000,0.34626039,1647777538.841803,b,m,
2888.00000,0.00564972,1647777543.1400554,b,m,
2887.18000,0.00564972,1647777597.5842857,b,m,
2887.18000,0.10000000,1647777609.3165114,b,l,
2887.18000,0.21790543,1647777618.1775122,b,l,
2887.18000,0.00058785,1647777618.250948,b,l,
2893.59000,0.05164884,1647777644.3696375,s,l,
2893.59000,0.08299999,1647777644.3708699,s,l,
2893.58000,0.11400000,1647777644.4896119,s,l,
2892.80000,0.00564972,1647777652.3174782,b,m,
2893.59000,18.13302220,1647777654.979994,s,l,
2893.59000,25.94497780,1647777654.9810872,s,l,
2892.90000,0.09400000,1647777690.7649622,s,l,
2892.89000,0.09800000,1647777690.7667785,s,l,
2892.50000,0.23790915,1647777697.5214498,s,l,
2892.50000,0.23439163,1647777697.5231547,s,l,
2892.50000,0.09600000,1647777697.5241416,s,l,
2892.49000,0.09400000,1647777697.52573,s,l,
2889.99000,0.05000000,1647777699.936211,b,l,
2886.46000,1.43866260,1647777702.627444,s,l,
2885.48000,0.72342293,1647777702.6286538,s,l,
2885.43000,0.01094478,1647777702.6298525,s,l,
2885.38000,9.82696969,1647777702.6316888,s,l,
2884.76000,0.02212010,1647777702.8123193,s,l,
2886.48000,0.26000000,1647777703.251131,s,l,
2886.48000,2.70513030,1647777703.357822,s,l,
2885.63000,0.03465400,1647777703.359417,s,l,
2885.44000,1.48936753,1647777703.360428,s,l,
2884.65000,3.74722072,1647777703.3619096,s,l,
2883.94000,0.52808612,1647777704.7867491,s,l,
2883.59000,0.34571384,1647777704.7879229,s,l,
2883.32000,0.17238615,1647777704.7897356,s,l,
2882.89000,0.36060748,1647777704.791025,s,l,
2882.55000,0.32990031,1647777704.792426,s,l,
2882.54000,4.79830610,1647777704.7937257,s,l,
2882.90000,0.34579657,1647777705.5393975,s,l,
2882.54000,8.53543900,1647777705.5411234,s,l,
2883.95000,0.07900000,1647777707.4406016,s,l,
2883.95000,1.18293491,1647777707.4425864,s,l,
2883.94000,0.76548648,1647777707.4436915,s,l,
2883.94000,0.07200000,1647777707.4447794,s,l,
2883.95000,1.16540976,1647777707.5731757,s,l,
2883.73000,2.29959024,1647777707.5743513,s,l,
2883.73000,1.05221644,1647777707.8473368,s,l,
2883.95000,0.85876443,1647777708.4184856,s,l,
2883.95000,0.30874360,1647777708.4262457,s,l,
2883.73000,0.69819332,1647777708.427668,s,l,
2883.60000,1.18367347,1647777708.429011,s,l,
2883.59000,0.14409299,1647777708.4300983,s,l,
2883.48000,2.12069531,1647777708.431099,s,l,
2882.91000,0.59883283,1647777708.432263,s,l,
2882.90000,0.18514227,1647777708.4333239,s,l,
2882.66000,0.76062621,1647777708.4346712,s,l,
2882.91000,0.06300000,1647777708.5939345,s,l,
2883.00000,0.06100000,1647777710.614378,s,l,
2883.04000,0.60584652,1647777712.8613307,b,l,
2883.04000,2.39415348,1647777712.8628979,b,l,
2883.11000,3.00000000,1647777712.8637526,b,l,
2883.11000,1.05000000,1647777712.8729973,b,l,
2883.16000,1.00000000,1647777712.8744824,b,l,
2883.23000,0.72499990,1647777712.8756423,b,l,
2883.23000,1.00000000,1647777712.8767393,b,l,
2883.23000,0.25791711,1647777712.8777897,b,l,
2883.36000,0.57560837,1647777712.878879,b,l,
2883.36000,1.39147462,1647777712.8801165,b,l,
2883.75000,1.35852538,1647777713.321323,b,l,
2883.75000,1.96708299,1647777713.3228576,b,l,
2883.88000,2.67439163,1647777713.3239732,b,l,
2883.11000,1.61000000,1647777713.4597547,s,l,
2883.88000,0.40746392,1647777713.7466998,b,l,
2883.94000,6.45000000,1647777714.0880148,b,l,
2883.94000,4.06000000,1647777714.1479697,b,l,
2885.90000,0.17072000,1647777718.763514,s,m,
2884.92000,0.47078732,1647777718.7647424,s,m,
2884.79000,0.31264588,1647777718.7657518,s,m,
2884.78000,0.33267980,1647777718.766689,s,m,
2884.72000,0.25345164,1647777718.7676346,s,m,
2884.71000,0.12481292,1647777718.7685902,s,m,
2884.63000,0.23059084,1647777718.7695634,s,m,
2884.62000,0.39116300,1647777718.7705674,s,m,
2884.48000,0.19514316,1647777718.7715156,s,m,
2884.36000,0.06800544,1647777718.7724247,s,m,
2888.48000,0.03462600,1647777744.191296,b,l,
2888.49000,0.45927400,1647777744.1923637,b,l,
2887.95000,0.00564972,1647777746.958804,b,m,
2888.08000,0.00791370,1647777759.408978,b,m,
2888.08000,0.76230510,1647777759.4110916,b,m,
2888.08000,0.22978120,1647777759.4122612,b,m,
2885.21000,0.00565507,1647777779.8410685,s,l,
2882.01000,0.00809181,1647777785.56838,b,l,
2882.01000,0.00500000,1647777786.2262125,b,l,
2882.00000,0.00791370,1647777787.1570208,s,l,
2882.00000,0.22444687,1647777787.1585045,s,l,
2882.00000,0.77555313,1647777787.160107,s,l,
2882.00000,0.18076222,1647777787.1615777,s,l,
2882.00000,0.25856282,1647777787.1656582,s,l,
2882.00000,0.55276126,1647777787.176454,s,l,
2882.00000,0.09000000,1647777787.1774368,s,l,
2881.99000,0.09400000,1647777787.1880906,s,l,
2881.56000,0.01046013,1647777787.1894805,s,l,
2881.34000,0.05078747,1647777787.190599,s,l,
2881.28000,0.01125530,1647777787.1917317,s,l,
2880.74000,0.00520700,1647777787.1936715,s,l,
2880.61000,0.00500000,1647777787.1948588,s,l,
2880.54000,0.03181712,1647777787.196549,s,l,
2880.50000,0.02349592,1647777787.198417,s,l,
2880.14000,0.00348220,1647777787.2001867,s,l,
2880.06000,0.00169418,1647777787.2010875,s,l,
2880.00000,0.03000000,1647777787.2025473,s,l,
2880.00000,1.23280068,1647777787.2047272,s,l,
2880.00000,0.33007000,1647777787.2528844,s,m,
2880.00000,2.58693252,1647777787.2574937,s,m,
2880.00000,0.14662801,1647777787.2616704,s,m,
2880.00000,0.70356879,1647777787.2652855,s,l,
2880.00000,0.29643121,1647777787.2677302,s,l,
2880.00000,2.00000000,1647777787.2712607,s,m,
2880.00000,22.70356879,1647777787.2737827,s,m,
2880.00000,3.00000000,1647777787.275813,s,m,
2880.00000,0.20000000,1647777787.2779977,s,m,
2879.97000,0.03471383,1647777787.2788982,s,m,
2879.50000,0.01000000,1647777787.2809284,s,m,
2879.36000,9.05171738,1647777787.2823021,s,m,
2879.36000,4.15532578,1647777787.2858949,s,m,
2879.89000,0.06000000,1647777787.9289584,s,l,
2879.88000,0.05600000,1647777787.930295,s,l,
2879.52000,0.51100000,1647777787.9314432,s,l,
2879.99000,1.00825000,1647777791.4458146,s,m,
2884.80000,1.00000000,1647777801.80161,b,m,
2885.21000,0.00564972,1647777821.5186405,b,m,
2885.60000,0.01000000,1647777830.2491188,b,l,
2885.60000,0.06900000,1647777834.2592852,b,m,
2885.54000,1.00000000,1647777841.4647186,s,m,
2885.53000,1.45608299,1647777841.465704,s,m,
2885.53000,1.11477256,1647777841.4670382,s,m,
2885.46000,0.33700000,1647777841.4677806,s,m,
2885.44000,1.00000000,1647777841.4694839,s,m,
2885.43000,0.03465500,1647777841.4703693,s,m,
2884.78000,3.46527173,1647777841.4713318,s,m,
2884.55000,20.79280966,1647777841.472753,s,m,
2884.23000,6.22500000,1647777841.4742148,s,m,
2884.19000,20.79484357,1647777841.475386,s,m,
2883.29000,2.24990728,1647777841.476943,s,m,
2883.28000,1.14072214,1647777841.4779882,s,m,
2883.20000,3.16344252,1647777841.4790802,s,m,
2883.15000,2.69042122,1647777841.4802485,s,m,
2883.15000,0.60155129,1647777841.481058,s,m,
2883.14000,3.73612004,1647777841.4819744,s,m,
2884.29000,0.00192223,1647777852.3340218,b,l,
2883.99000,0.05000000,1647777868.115846,s,m,
2884.80000,0.00564972,1647777876.2897108,b,m,
2884.80000,0.10635028,1647777879.1644533,b,l,
2884.80000,0.02041400,1647777879.1660862,b,l,
2884.80000,0.20058600,1647777879.1675465,b,l,
2884.80000,0.19052977,1647777879.1692731,b,l,
2884.80000,0.03147023,1647777879.1706698,b,l,
2884.80000,1.33300000,1647777879.1720994,b,l,
2884.82000,0.39371072,1647777879.1738439,b,l,
2884.82000,0.10000000,1647777895.5621572,b,l,
2884.81000,4.70000000,1647777900.9260705,s,l,
2884.81000,18.18728629,1647777900.927383,s,l,
2884.81000,1.55961907,1647777900.9284692,s,l,
2884.81000,0.40746392,1647777900.9299667,s,l,
2884.81000,1.37868042,1647777900.9310162,s,l,
2884.81000,4.05000000,1647777900.9323199,s,l,
2884.81000,51.94771920,1647777900.9335895,s,l,
2884.81000,1.00000000,1647777900.9352262,s,l,
2884.81000,0.08400000,1647777900.9361925,s,l,
2884.81000,0.03463500,1647777900.937629,s,l,
2884.81000,1.99000000,1647777900.9384854,s,l,
2884.81000,14.66059610,1647777900.9394436,s,l,
2884.81000,0.11300000,1647777923.4442246,s,l,
2884.81000,0.01752800,1647777923.4460645,s,l,
2884.81000,0.04000000,1647777923.4470773,s,l,
2884.81000,0.17071999,1647777923.4480886,s,l,
2884.80000,0.07799999,1647777923.8524969,s,l,
2883.19000,4.70000000,1647777951.1697004,s,l,
2883.19000,0.34480000,1647777951.1709428,s,l,
2883.19000,0.07600000,1647777951.373802,s,l,
2883.18000,0.10100000,1647777951.3756597,s,l,
2882.86000,0.30353271,1647777951.8045933,s,l,
2882.86000,0.37689688,1647777951.8058546,s,l,
2882.86000,0.03057040,1647777951.8070884,s,l,
2882.87000,0.10100000,1647777951.9058704,s,l,
2880.82000,0.00711408,1647777966.709069,s,m,
2881.59000,0.01055384,1647777966.7150445,b,m,
2880.83000,0.00809985,1647777968.8820567,s,m,
2881.28000,0.00415702,1647777968.8933542,b,m,
2881.43000,0.01791614,1647777970.9611979,s,m,
2880.96000,0.31018922,1647777981.2631981,b,l,
2880.96000,0.05655269,1647777981.265103,b,l,
2880.96000,0.08825809,1647777981.2666426,b,l,
2880.43000,0.00564972,1647777991.2990098,b,m,
2879.34000,0.09900000,1647777996.0368187,s,l,
2879.33000,0.01041172,1647777996.038584,s,l,
2879.33000,0.10300000,1647777996.0398066,s,l,
2878.99000,0.04688932,1647777996.3528066,s,l,
2878.71000,0.68311068,1647777996.354059,s,l,
2878.71000,0.58807444,1647777996.4833548,s,m,
2878.44000,0.02901263,1647777996.4850543,s,m,
2878.40000,0.40072655,1647777996.4866261,s,m,
2878.37000,0.37974106,1647777996.4876642,s,m,
2878.31000,0.03473400,1647777996.4887471,s,m,
2877.95000,0.01508078,1647777996.4898596,s,m,
2877.91000,0.01042229,1647777996.4911976,s,m,
2877.66000,0.01700952,1647777996.4929018,s,m,
2877.60000,0.01976989,1647777996.4943216,s,m,
2877.55000,0.00542884,1647777996.4956133,s,m,
2877.55000,0.00879113,1647777996.4974928,s,m,
2877.26000,4.99120887,1647777996.4987142,s,m,
2877.26000,0.50000000,1647777996.5006988,s,m,
2877.26000,0.06246111,1647777996.6096144,s,l,
2877.26000,0.02970000,1647777996.6233044,s,l,
2877.12000,0.02970000,1647777997.450789,s,l,
2877.12000,0.03628354,1647777997.768919,s,l,
2877.06000,20.84589274,1647777997.7701728,s,l,
2877.03000,0.06526377,1647777997.7715888,s,l,
2877.00000,26.43655995,1647777997.7736788,s,l,
2877.00000,23.56344005,1647777997.8113415,s,l,
2877.00000,1.00000000,1647777997.8133528,s,l,
2877.00000,0.02000000,1647777997.8155906,s,l,
2876.88000,0.01438197,1647777997.81749,s,l,
2876.36000,2.00000000,1647777997.8195481,s,l,
2876.01000,0.05204770,1647777997.821608,s,l,
2875.64000,0.72490716,1647777997.8229635,s,l,
2875.51000,0.00760000,1647777997.8248591,s,l,
2875.50000,0.02598113,1647777997.8268974,s,l,
2875.48000,0.00258737,1647777997.82868,s,l,
2875.42000,0.01330104,1647777997.8298502,s,l,
2875.11000,0.00606495,1647777997.8311005,s,l,
2875.00000,3.00000000,1647777997.8332932,s,l,
2875.00000,5.00000000,1647777997.8354123,s,l,
2875.00000,15.00000000,1647777997.8383837,s,l,
2875.00000,3.71718226,1647777997.8413832,s,l,
2875.00000,1.86430000,1647777997.8426042,s,l,
2875.00000,0.20000000,1647777997.8438632,s,l,
2874.71000,0.01366016,1647777997.8452792,s,l,
2874.66000,0.00893032,1647777997.8466983,s,l,
2874.61000,0.52918284,1647777997.8480074,s,l,
2874.23000,0.03514341,1647777997.9868743,s,l,
2874.15000,0.01046891,1647777997.9886208,s,l,
2873.96000,0.72613232,1647777997.9898453,s,l,
2873.93000,4.00000000,1647777997.9908197,s,l,
2873.74000,0.08656083,1647777997.9925613,s,l,
2873.49000,0.03478902,1647777997.993459,s,l,
2873.16000,0.00871339,1647777997.994546,s,l,
2872.99000,1.34581125,1647777997.9956167,s,l,
2872.95000,0.00175836,1647777997.9968588,s,l,
2872.81000,0.05390251,1647777997.9980154,s,l,
2872.81000,0.01589000,1647777998.001754,s,l,
2872.81000,0.27721856,1647777998.0055616,s,m,
2872.80000,0.00120000,1647777998.0081983,s,m,
2872.80000,0.00840000,1647777998.0098627,s,m,
2872.68000,0.01917497,1647777998.0109184,s,m,
2872.55000,0.04580438,1647777998.0121799,s,m,
2872.55000,0.30231837,1647777998.0147665,s,m,
2872.54000,0.00443723,1647777998.016209,s,m,
2872.49000,0.31000000,1647777998.017751,s,m,
2872.34000,0.03144649,1647777998.0196505,s,m,
2872.34000,0.02242651,1647777998.1526182,s,m,
2872.00000,0.22757349,1647777998.1549733,s,m,
2872.00000,0.25000000,1647777998.1570873,s,m,
2874.51000,0.83009974,1647777998.2201824,b,l,
2872.39000,0.21241172,1647777999.2172484,s,l,
2872.01000,0.34710776,1647777999.2185218,s,l,
2872.00000,0.52242651,1647777999.2200868,s,l,
2871.92000,0.03895180,1647777999.2215261,s,l,
2871.84000,0.01469977,1647777999.2234433,s,l,
2871.68000,0.02172126,1647777999.224499,s,l,
2871.68000,0.00840000,1647777999.225981,s,l,
2871.65000,0.00585683,1647777999.2279024,s,l,
2871.40000,0.01739034,1647777999.2291906,s,l,
2871.00000,1.74155346,1647777999.230634,s,l,
2870.95000,0.00349335,1647777999.231854,s,l,
2870.84000,7.06598720,1647777999.232939,s,l,
2872.35000,0.09100000,1647777999.9672568,s,l,
2872.02000,0.09000000,1647777999.9688075,s,l,
2872.02000,0.51819137,1647777999.9699197,s,l,
2871.67000,0.01042900,1647777999.971323,s,l,
2870.85000,4.03000000,1647777999.9723382,s,l,
2870.84000,5.26037963,1647777999.9735289,s,l,
2872.48000,3.41541570,1647778000.384897,s,l,
2872.53000,0.06476197,1647778000.9426835,s,l,
2872.58000,0.93386185,1647778001.1176422,s,l,
2872.88000,0.16154374,1647778001.790593,b,l,
2872.89000,0.29671314,1647778001.7918196,b,l,
2872.89000,0.42928686,1647778001.8895085,b,l,
2874.50000,0.04800000,1647778002.331204,b,l,
2875.00000,0.07728830,1647778002.8125615,b,l,
2875.46000,0.05071170,1647778002.8137844,b,l,
2878.49000,0.18344614,1647778032.308181,s,l,
2878.63000,0.15236049,1647778032.7537282,s,l,
2880.50000,0.32176913,1647778037.5356047,b,l,
2880.50000,2.47236864,1647778037.546233,b,l,
